TERM,CRN,SUBJ,NUM,TITLE,UNIT,CRED,INSTR_MODE,DAYS,TIME,DAYS.1,ADDTL_TIM,P,LMT,ENR,INSTRUCTOR
202680,80564,AMES,291.00,ST: Intro to Southeast Asia,.50,4,,MWF,1110-1200,,-,,15,,"Novak,R,,"
202680,80565,AMST,140.00,"Prisons, Policing, & Amer Cult",.50,4,,WF,0840-1000,,-,,20,,"Rufo,J,,"
202680,80566,AMST,291.00,ST: PENDING CPC APPROVAL,.50,4,,T,1310-1600,,-,,15,,"Gourrier,F,,"
202680,80657,AMST,302D.00,The History of Jazz,.50,4,,M,1900-2200,,-,,7,,"Heuchemer,D,,"
202680,80567,AMST,331.00,"Visions of ""America""",.50,4,,TR,0940-1100,,-,,15,,"DePascuale,J,,"
202680,80568,AMST,340.00,Un-American Studies,.50,4,,W,1900-2200,,-,,12,,"Rufo,J,,"
202680,80592,AMST,378D.00,Topics in American Art,.50,4,,T,1310-1600,,-,,6,,"Porter,A,,"
202680,80569,AMST,400.00,Senior Sem American Studies,.50,4,,F,1310-1600,,-,,10,,"Rufo,J,,"
202680,80053,AMST,497Y.00,Senior Honors,.50,4,,,-,,-,GP,10,,"Powers,N,,"
202680,80371,ANTH,111.01,Intro Biological Anthropology,.50,4,,MWF,0910-1000,,-,,24,,"Hardy,B,,"
202680,80372,ANTH,111.02,Intro Biological Anthropology,.50,4,,MWF,1010-1100,,-,,24,,"Murphy,K,,"
202680,80373,ANTH,112.00,Introduction to Archaeology,.50,4,,MWF,0910-1000,,-,,24,,"Gallareta Cervera,T,,"
202680,80374,ANTH,113.01,Intr to Cultural Anthropology,.50,4,,TR,1310-1430,,-,,20,,"Pack,S,,"
202680,80375,ANTH,113.02,Intr to Cultural Anthropology,.50,4,,MWF,1210-1300,,-,,20,,"Gallareta Cervera,T,,"
202680,80376,ANTH,206D.00,Seminar in Ethnomusicology,.50,4,,TR,1310-1430,,-,,7,,"Mendonca,M,,"
202680,80378,ANTH,291.00,ST:Hyphenat Asian-Amer Identit,.50,4,,M,1310-1600,,-,,15,,"Pack,S,,"
202680,80379,ANTH,320.00,Anthropology of Food,.50,4,,F,1310-1600,,-,PI,15,,"Murphy,K,,"
202680,80380,ANTH,323.00,Bioarchlgy Sub-Saharan Africa,.50,4,,W,1310-1600,,-,PI,15,,"Hardy,B,,"
202680,80381,ANTH,465.00,Hist Anthropological Thought,.50,4,,TR,0940-1100,,-,PI,15,,"Novotny,C,,"
202680,80658,ANTH,478.00,Campus Archaeology,.50,4,,M,1310-1600,,-,PI,12,,"Gallareta Cervera,T,,"
202680,80054,ANTH,497.00,Senior Honors,.50,4,,,-,,-,GP,5,,"Novotny,C,,"
202680,80116,ARBC,111Y.00,Intensive Intro Arabic,.75,6,,MWF,1310-1400,T,1310-1430,,18,,"Carter,P,,"
202680,80118,ARBC,213Y.00,Intermediate Arabic I,.50,4,,MWF,1310-1400,,-,,12,,"Sadek,R,,"
202680,80121,ARBC,321.00,Advanced Arabic I,.50,4,,MWF,1410-1500,,-,,6,,"Sadek,R,,"
202680,80336,ARHS,110.00,Intro Western Art:Ancient-Med,.50,4,,TR,0810-0930,,-,,28,,"Hostetler,B,,"
202680,80337,ARHS,111.00,Intro Western Art:Ren-Contemp,.50,4,,WF,0840-1000,,-,,28,,"Calvin,K,,"
202680,80338,ARHS,114.00,Introduction to Asian Art,.50,4,,MWF,0810-0900,,-,,25,,"Blick,S,,"
202680,80339,ARHS,220.00,Greek Art,.50,4,,TR,1310-1430,,-,,22,,"Hostetler,B,,"
202680,80340,ARHS,234.00,Romanesque and Gothic Art,.50,4,,MWF,1010-1100,,-,,22,,"Blick,S,,"
202680,80342,ARHS,245.00,Contemporary Art and Society,.50,4,,TR,0940-1100,,-,,22,,"Porter,A,,"
202680,80343,ARHS,378D.00,Topics in American Art,.50,4,,T,1310-1600,,-,,6,,"Porter,A,,"
202680,80344,ARHS,480.00,Senior Seminar,.50,4,,R,1310-1600,,-,,15,,"Calvin,K,,"
202680,80055,ARHS,497.00,Senior Honors,.50,4,,,-,,-,GP,5,,"Porter,A,,"
202680,80550,ARTS,102.01,Drawing I,.50,4,,MWF,1010-1200,,-,,12,,"Hill,C,,"
202680,80551,ARTS,102.02,Drawing I,.50,4,,MWF,1310-1500,,-,,12,,"Warndorf,N,,"
202680,80552,ARTS,104.00,3D Design,.50,4,,MWF,0910-1100,,-,,12,,"Ishimura,M,,"
202680,80553,ARTS,105.00,Design Foundations,.50,4,,TR,0810-1100,,-,,12,,"Oehmke,A,,"
202680,80554,ARTS,106.00,Photography I,.50,4,,MWF,1310-1500,,-,,12,,"Zeller,E,,"
202680,80555,ARTS,107.00,Digital Imaging,.50,4,,TR,0810-1100,,-,,12,,"Johnston,J,,"
202680,80556,ARTS,109.00,Creative Coding,.50,4,,MWF,0910-1100,,-,,12,,"Zeller,E,,"
202680,80557,ARTS,250.00,Fundamentals of Painting,.50,4,,MWF,1310-1500,,-,PI,12,,"Hill,C,,"
202680,80559,ARTS,291.02,ST: Japanese Craft and Art,.50,4,,MWF,1210-1400,,-,,12,,"Ishimura,M,,"
202680,80560,ARTS,345.00,Printmaking,.50,4,,MWF,0910-1100,,-,,12,,"Warndorf,N,,"
202680,80561,ARTS,360.00,Installation Art,.50,4,,TR,1310-1600,,-,,12,,"Johnston,J,,"
202680,80562,ARTS,480.01,Advanced Studio,.50,4,,WF,1410-1530,,-,PI,14,,"Ishimura,M,,"
202680,80563,ARTS,480.02,Advanced Studio,.50,4,,MR,1900-2020,,-,PI,14,,"Oehmke,A,,"
202680,80572,ASL,111Y.00,American Sign Language 1,.75,6,,T,0940-1100,MWF,1010-1100,,23,,"Limas,C,,"
202680,80433,BIOL,108.00,Life of the Past,.50,4,,TR,0810-0930,,-,,30,,"Holdener,E,,"
202680,80436,BIOL,109Y.01,Intro to Experimental Biology,.25,2,,T,0810-1100,,-,,14,,"McMahon,J,,"
202680,80438,BIOL,109Y.02,Intro to Experimental Biology,.25,2,,T,1310-1600,,-,,14,,"Gillen,K,,"
202680,80440,BIOL,109Y.03,Intro to Experimental Biology,.25,2,,T,1310-1600,,-,,14,,"Tsunekage,T,,"
202680,80441,BIOL,109Y.04,Intro to Experimental Biology,.25,2,,W,1310-1600,,-,,14,,"Clements,R,,"
202680,80442,BIOL,109Y.05,Intro to Experimental Biology,.25,2,,R,0810-1100,,-,,14,,"McMahon,J,,"
202680,80443,BIOL,109Y.06,Intro to Experimental Biology,.25,2,,R,1310-1600,,-,,14,,"Petersen,S,,"
202680,80444,BIOL,109Y.07,Intro to Experimental Biology,.25,2,,R,1310-1600,,-,,14,,"Tsunekage,T,,"
202680,80445,BIOL,115.01,Energy in Living Systems,.50,4,,MWF,0810-0900,,-,,30,,"Tsunekage,T,,"
202680,80446,BIOL,115.02,Energy in Living Systems,.50,4,,MWF,0910-1000,,-,,30,,"Regmi,K,,"
202680,80447,BIOL,115.03,Energy in Living Systems,.50,4,,MWF,1010-1100,,-,,30,,"Kropp,P,,"
202680,80448,BIOL,115.04,Energy in Living Systems,.50,4,,MWF,1110-1200,,-,,30,,"Gillen,C,,"
202680,80449,BIOL,116.00,Information in Living Systems,.50,4,,MWF,1110-1200,,-,,30,,"Hicks,K,,"
202680,80450,BIOL,211.00,Health Service & Biomed Analys,.50,4,,M,1310-1600,,-,,14,,"Kropp,P,,"
202680,80451,BIOL,228.00,Ecology,.50,4,,WF,0840-1000,,-,,24,,"Fahey,C,,"
202680,80452,BIOL,229.00,Ecology Laboratory,.25,2,,R,1310-1600,,-,,11,,"Fahey,C,,"
202680,80453,BIOL,245.00,Plant Biology,.50,4,,TR,0940-1100,,-,,24,,"Regmi,K,,"
202680,80454,BIOL,246.00,Experimental Plant Biology,.25,2,,W,1310-1600,,-,,12,,"Regmi,K,,"
202680,80455,BIOL,247.00,Comp Vertebrate Anatomy,.50,4,,MWF,1110-1200,,-,,21,,"Wright,N,Mendez,L"
202680,80456,BIOL,248.00,Comp Vertebrate Anatomy Lab,.25,2,,T,1310-1600,,-,,21,,"Wright,N,,"
202680,80457,BIOL,263.00,Molecular Biology,.50,4,,MWF,1010-1100,,-,,30,,"Hillman,E,,"
202680,80458,BIOL,264.00,Gene Manipulation,.25,2,,R,1310-1600,,-,,11,,"Hillman,E,,"
202680,80459,BIOL,315.00,Cell Signaling,.50,4,,TR,0810-0930,,-,,12,,"Gillen,K,,"
202680,80460,BIOL,321.00,Evol. Developmental Biology,.50,4,,WF,1410-1530,,-,,12,,"Hicks,K,,"
202680,80461,BIOL,385.00,Research in Biology,.25,2,,,-,,-,PI,40,,"Clements,R,,"
202680,80462,BIOL,475.01,Senior Seminar,.50,4,,TR,0810-0930,,-,PI,10,,"Gillen,C,,"
202680,80463,BIOL,475.02,Senior Seminar,.50,4,,TR,0940-1100,,-,PI,10,,"Clements,R,,"
202680,80464,BIOL,475.03,Senior Seminar,.50,4,,WF,1410-1530,,-,PI,10,,"Gillen,K,,"
202680,80056,BIOL,497.00,Senior Honors,.50,4,,M,1310-1600,,-,GP,10,,"Wright,N,,"
202680,80596,CHEM,112.00,Chemistry & Climate Change,.50,4,,MWF,0910-1000,,-,,16,,"Rouhier,K,,"
202680,80597,CHEM,121.01,Introductory Chemistry,.50,4,,MWF,0910-1000,,-,,45,,"Hunter,N,,"
202680,80598,CHEM,121.02,Introductory Chemistry,.50,4,,MWF,1110-1200,,-,,45,,"Rouhier,K,,"
202680,80599,CHEM,122.00,Chemical Principles,.50,4,,MWF,0910-1000,,-,,20,,"Garcia,S,,"
202680,80600,CHEM,123.01,Introductory Chemistry Lab I,.25,2,,M,1310-1600,,-,,14,,"Garcia,S,,"
202680,80601,CHEM,123.02,Introductory Chemistry Lab I,.25,2,,T,1310-1600,,-,,14,,"Hunter,N,,"
202680,80602,CHEM,123.03,Introductory Chemistry Lab I,.25,2,,W,1310-1600,,-,PI,14,,Dr. Staff
202680,80603,CHEM,123.04,Introductory Chemistry Lab I,.25,2,,R,1310-1600,,-,,14,,Dr. Staff
202680,80604,CHEM,123.05,Introductory Chemistry Lab I,.25,2,,T,0810-1100,,-,PI,14,,Dr. Staff
202680,80605,CHEM,123.06,Introductory Chemistry Lab I,.25,2,,R,0810-1100,,-,PI,14,,Dr. Staff
202680,80606,CHEM,232.00,Organic Chemistry II,.50,4,,TR,0940-1100,,-,,45,,"Starr,K,,"
202680,80607,CHEM,234.01,Organic Chemistry Lab II,.25,2,,T,1310-1600,,-,,13,,"Hunsen,M,,"
202680,80608,CHEM,234.02,Organic Chemistry Lab II,.25,2,,W,1310-1600,,-,,13,,Dr. Staff
202680,80609,CHEM,234.03,Organic Chemistry Lab II,.25,2,,R,1310-1600,,-,PI,13,,Dr. Staff
202680,80610,CHEM,243.00,Inorganic Chemistry,.50,4,,TR,0810-0930,,-,,16,,"Hunter,N,,"
202680,80611,CHEM,335.00,Chem Kinetics & Thermodynamics,.50,4,,TR,0810-0930,,-,,24,,"Keller,J,,"
202680,80612,CHEM,370.00,Adv. Lab:Computational Chem,.25,2,,T,1310-1600,,-,,8,,"Garcia,S,,"
202680,80613,CHEM,374.00,Advanced Lab--Spectroscopy,.25,2,,R,1310-1600,,-,,8,,"Keller,J,,"
202680,80614,CHEM,375.01,Chemical Research,.25,4,,,-,,-,PI,25,,"Rouhier,K,,"
202680,80615,CHEM,375.02,Chemical Research,.25,4,,,-,,-,PI,25,,"Rouhier,K,,"
202680,80616,CHEM,475.00,Senior Seminar,.25,2,,M,1310-1600,,-,,16,,"Rouhier,K,,"
202680,80057,CHEM,497.00,Senior Honors,.50,4,,,-,,-,GP,5,,"Hunsen,M,,"
202680,80588,CLAS,112.00,Roman History,.50,4,,MR,1900-2020,,-,,33,,"Izzo,J,,"
202680,80589,CLAS,130.00,Classical Mythology,.50,4,,MWF,1510-1600,,-,,33,,"Hahnemann,C,,"
202680,80590,CLAS,225.00,Ends of the Earth,.50,4,,MWF,1010-1100,,-,,33,,"Myers,M,,"
202680,80591,CLAS,471.00,Senior Seminar in Classics,.50,4,,TR,0940-1100,,-,,15,,"Serfass,A,,"
202680,80058,CLAS,497Y.00,Senior Honors,.50,4,,,-,,-,GP,5,,"Myers,M,,"
202680,80432,COMP,118.01,Introduction to Programming,.50,4,,WF,0840-1000,,-,,25,,Dr. Staff
202680,80434,COMP,118.02,Introduction to Programming,.50,4,,WF,1410-1530,,-,,25,,"Skon,J,,"
202680,80437,COMP,191.01,ST: PENDING CPC APPROVAL,.25,4,,M,1310-1600,,-,,12,,Dr. Staff
202680,80439,COMP,191.02,ST: PENDING CPC APPROVAL,.25,4,,MWF,1010-1100,,-,,25,,"Skon,J,,"
202680,80435,COMP,218.00,Data Structures & Prog Design,.50,4,,MWF,1310-1400,,-,,25,,"Skon,J,,"
202680,80523,DANC,104.00,Yoga,.25,2,,MWF,1110-1200,,-,,25,,"Radella Feller,K,,"
202680,80524,DANC,105.00,Introduction to Dance Studies,.50,4,,TR,0940-1100,,-,,18,,"Craig-Quijada,B,,"
202680,80526,DANC,109.00,Beginning Ballet Technique,.25,2,,MW,1410-1530,,-,,20,,"Craig-Quijada,B,,"
202680,80527,DANC,208.00,Mod/Postmod Dance Pract:Interm,.25,2,,TR,1440-1600,,-,PI,15,,"Radella Feller,K,,"
202680,80528,DANC,220.00,Dance Labanotation,.50,4,,MWF,0910-1000,,-,,10,,"Brodie,J,,"
202680,80529,DANC,227.00,Choreography I,.50,4,,TR,1310-1430,,-,,8,,"Craig-Quijada,B,,"
202680,80531,DRAM,110.00,The Play:Production&Performanc,.00,,,,-,,-,,0,,"Tazewell,J,,"
202680,80532,DRAM,111.01,Introduction to the Theater,.50,4,,TR,1310-1430,,-,,14,,"Wolf,R,,"
202680,80533,DRAM,111.02,Introduction to the Theater,.50,4,,TR,1440-1600,,-,,12,,"Dudley,A,,"
202680,80534,DRAM,220.00,Acting,.50,4,,TR,0940-1100,,-,PI,12,,"Viccellio,B,,"
202680,80530,DRAM,235.00,Writing Lyrics Music Theatre,.50,4,,W,1310-1600,,-,,8,,Dr. Staff
202680,80535,DRAM,241.00,Scene Design,.50,4,,MWF,1110-1200,,-,,10,,"Wolf,R,,"
202680,80536,DRAM,244.00,Interpreting the Character,.50,4,,WF,1410-1530,,-,PI,10,,"Cappuccilli,C,,"
202680,80537,DRAM,362A.00,Rehearsal Collab Directors,.50,4,,W,1310-1600,,-,PI,3,,"Dudley,A,,"
202680,80538,DRAM,362B.00,Rehearsal Collab Actors,.50,4,,W,1310-1600,,-,PI,6,,"Dudley,A,,"
202680,80465,ECON,101.01,Princ of Microeconomics,.50,4,,TR,0810-0930,,-,,28,,"Treber,J,,"
202680,80466,ECON,101.02,Princ of Microeconomics,.50,4,,TR,0940-1100,,-,,28,,"Treber,J,,"
202680,80467,ECON,101.03,Princ of Microeconomics,.50,4,,MWF,0910-1000,,-,,28,,"Corrigan,J,,"
202680,80468,ECON,101.04,Princ of Microeconomics,.50,4,,MWF,1010-1100,,-,,28,,"Corrigan,J,,"
202680,80469,ECON,101.05,Princ of Microeconomics,.50,4,,MWF,1210-1300,,-,,28,,"Kolliner,D,,"
202680,80470,ECON,101.06,Princ of Microeconomics,.50,4,,MWF,1310-1400,,-,,28,,"Kolliner,D,,"
202680,80471,ECON,101.07,Princ of Microeconomics,.50,4,,MWF,1410-1500,,-,,28,,"An,G,,"
202680,80472,ECON,101.08,Princ of Microeconomics,.50,4,,MWF,1510-1600,,-,,28,,"An,G,,"
202680,80473,ECON,102.00,Princ of Macroeconomics,.50,4,,TR,0940-1100,,-,,28,,"Rendell,L,,"
202680,80474,ECON,201.01,Microeconomic Theory,.50,4,,MWF,1110-1200,,-,,28,,"Black,K,,"
202680,80475,ECON,201.02,Microeconomic Theory,.50,4,,MWF,1210-1300,,-,,28,,"Black,K,,"
202680,80476,ECON,205.01,Introduction to Econometrics,.50,4,,MWF,1410-1500,,-,,16,,"Diethorn,H,,"
202680,80477,ECON,205.02,Introduction to Econometrics,.50,4,,MWF,1510-1600,,-,,16,,"Diethorn,H,,"
202680,80478,ECON,337.00,Portfolio Allocation,.50,4,,TR,0810-0930,,-,,25,,"Glandon,P,,"
202680,80479,ECON,338.00,International Trade,.50,4,,MR,1900-2020,,-,,25,,"An,G,,"
202680,80480,ECON,344.00,Labor Economics,.50,4,,MWF,1310-1400,,-,,25,,"Diethorn,H,,"
202680,80570,ECON,365.00,Economics of Education Policy,.50,4,,TR,1310-1430,,-,,25,,"Rendell,L,,"
202680,80482,ECON,437.00,The Economics of Corporations,.50,4,,TR,1310-1430,,-,,8,,"Glandon,P,,"
202680,80483,ECON,471.00,Experimental & Behavioral Econ,.50,4,,TR,1440-1600,,-,,8,,"Corrigan,J,,"
202680,80484,ECON,476.00,Political Economy,.50,4,,WF,0840-1000,,-,,8,,"Kolliner,D,,"
202680,80490,ENGL,103.01,Health and Healing,.50,4,,MWF,1010-1100,,-,,15,,"Fernando,K,,"
202680,80491,ENGL,103.02,Health and Healing,.50,4,,MWF,1410-1500,,-,,15,,"Fernando,K,,"
202680,80492,ENGL,103.03,Assault of Laughter,.50,4,,MWF,0910-1000,,-,,15,,"Grace,A,,"
202680,80493,ENGL,103.04,Making a Life,.50,4,,MWF,1510-1600,,-,,15,,"Heidt,S,,"
202680,80494,ENGL,103.05,Bodily Matters,.50,4,,MWF,1110-1200,,-,,15,,"Lau,T,,"
202680,80495,ENGL,103.06,Seductions,.50,4,,MWF,1410-1500,,-,,15,,"Lobanov-Rostovsky,S,,"
202680,80496,ENGL,103.07,Writing the Mind,.50,4,,MWF,1010-1100,,-,,15,,"Matz,J,,"
202680,80497,ENGL,103.08,Writing the Mind,.50,4,,MWF,1210-1300,,-,,15,,"Matz,J,,"
202680,80498,ENGL,103.09,Writing the Race,.50,4,,MWF,0910-1000,,-,,15,,"Schoenfeld,J,,"
202680,80499,ENGL,103.10,Authorship,.50,4,,MWF,1210-1300,,-,,15,,"Suazo,M,,"
202680,80501,ENGL,103.11,Introduction to Lit & Language,.50,4,,,-,,-,,15,,Dr. Staff
202680,80503,ENGL,201.00,Introduction to Poetry Writing,.50,4,,R,1310-1600,,-,,15,,"Grace,A,,"
202680,80505,ENGL,205.00,Multi-Genre Creative Writing,.50,4,,R,1310-1600,,-,,15,,"Arocho Hernandez,N,,"
202680,80506,ENGL,206.00,Intro Science & Nature Writing,.50,4,,T,1310-1600,,-,,15,,"Warren,H,,"
202680,80507,ENGL,207.00,Asian American Poetry,.50,4,,M,1310-1600,,-,,20,,"Leong,M,,"
202680,80508,ENGL,217.00,Writing Center Colloquium,.25,2,,MW,1310-1400,,-,PI,20,,"Scanlon,A,,"
202680,80509,ENGL,251.00,Studies in British Romanticism,.50,4,,WF,1410-1530,,-,,20,,"Lau,T,,"
202680,80510,ENGL,266.00,Decolonization and Violence,.50,4,,TR,0940-1100,,-,,20,,"Fernando,K,,"
202680,80511,ENGL,300.01,Intermediate Fiction Writing,.50,4,,TR,0940-1100,,-,PI,12,,"Parssinen,K,,"
202680,80513,ENGL,301.00,Intermediate Poetry Writing,.50,4,,T,1310-1600,,-,PI,12,,"Leong,M,,"
202680,80514,ENGL,320.00,Shakespeare,.50,4,,TR,1440-1600,,-,,20,,"Davidson,A,,"
202680,80515,ENGL,336.00,17th-Century Poetry,.50,4,,MWF,1010-1100,,-,,20,,"Lobanov-Rostovsky,S,,"
202680,80581,ENGL,358.00,Victorian Ghosts,.50,4,,MWF,1310-1400,,-,,20,,"Lau,T,,"
202680,80516,ENGL,375.00,U.S. Fiction in 19th-cent.,.50,4,,MWF,1510-1600,,-,,20,,"Suazo,M,,"
202680,80517,ENGL,385.00,Contemporary American Poetry,.50,4,,MWF,1110-1200,,-,,20,,"Grace,A,,"
202680,80518,ENGL,386.00,Toni Morrison,.50,4,,WF,1410-1530,,-,,20,,"Schoenfeld,J,,"
202680,80656,ENGL,391.02,ST: Flash Prose Studio,.50,4,,M,1310-1600,,-,PI,12,,"Parssinen,K,,"
202680,80520,ENGL,404.00,Advanced Prose,.50,4,,TR,1310-1430,,-,PI,15,,"Parssinen,K,,"
202680,80521,ENGL,491.01,ST: Premodern Sexualities,.50,4,,TR,0940-1100,,-,PI,15,,"O'Neill,R,,"
202680,80522,ENGL,491.02,ST: Genres of the Contemporary,.50,4,,T,1900-2200,,-,PI,15,,"Murthy,P,,"
202680,80059,ENGL,497.00,Senior Honors,.50,4,,TR,1310-1430,,-,GP,15,,"Suazo,M,,"
202680,80525,ENVS,112.01,Intro to Environmental Studies,.50,4,,MWF,0910-1000,,-,,35,,"Shakya,K,,"
202680,80539,ENVS,112.02,Intro to Environmental Studies,.50,4,,MWF,1010-1100,,-,,35,,Dr. Staff
202680,80540,ENVS,210.00,Intro Environmental Lab,.25,2,,T,1310-1600,,-,,12,,"Schmitt,L,,"
202680,80541,ENVS,220.00,Applied Environmental Analysis,.50,4,,WF,1410-1530,,-,,16,,"Shakya,K,,"
202680,80542,ENVS,253.00,Sustainable Agriculture,.50,4,,M,1310-1600,,-,PI,10,,"Schmitt,L,,"
202680,80543,ENVS,261.00,Geographic Information Science,.50,4,,WF,0840-1000,,-,PI,12,,"Holdener,E,,"
202680,80544,ENVS,341.00,Science of Climate Change,.50,4,,TR,0940-1100,,-,,24,,Dr. Staff
202680,80575,ENVS,392.00,ST: Forest Ecology Lab,.25,2,,W,1310-1600,,-,,10,,"Schmitt,L,,"
202680,80545,FILM,111.01,Introduction to Film,.50,4,,TR,1440-1600,,-,,20,,"Tazewell,J,,"
202680,80546,FILM,111.02,Introduction to Film,.50,4,,TR,1440-1600,,-,,20,,"Sherman,J,,"
202680,80548,FILM,231.00,Screenwriting,.50,4,,TR,1310-1430,,-,PI,12,,"Sherman,J,,"
202680,80547,FILM,261.00,Directing for the Camera,.50,4,,W,1310-1600,,-,PI,12,,"Tazewell,J,,"
202680,80579,FILM,288.00,Narrative Podcasting,.50,4,,TR,1310-1430,,-,,16,,"Silverman,F,,"
202680,80549,FILM,480.00,Senior Seminar in Film,.50,4,,F,1310-1600,,-,,15,,"Sherman,J,,"
202680,80012,FREN,111Y.01,Intensive Intro French,.75,6,,TR,0940-1100,MW,1010-1100,,18,,"Guiney,M,,"
202680,80013,FREN,111Y.02,Intensive Intro French,.75,6,,T,0810-0930,MWF,0910-1000,,18,,"Malone,M,,"
202680,80014,FREN,213Y.01,Intermediate French,.50,4,,MWF,1010-1100,,-,,18,,"Curtis,I,,"
202680,80015,FREN,213Y.02,Intermediate French,.50,4,,MWF,1110-1200,,-,,18,,"Dairon,P,,"
202680,80016,FREN,250.00,The French Detective Novel,.50,4,,WF,1410-1530,,-,,18,,"Curtis,I,,"
202680,80017,FREN,321.01,Adv Composition & Conversation,.50,4,,MWF,1210-1300,,-,,18,,"Curtis,I,,"
202680,80018,FREN,321.02,Adv Composition & Conversation,.50,4,,MWF,1310-1400,,-,,18,,"Dairon,P,,"
202680,80019,FREN,323.00,French Lit Before 1800,.50,4,,MWF,1410-1500,,-,,18,,"Dairon,P,,"
202680,80020,FREN,346.00,Romantics & Realists,.50,4,,TR,1310-1430,,-,,18,,"Guiney,M,,"
202680,80185,GERM,111Y.00,Intensive Intro German,.75,6,,TR,0940-1100,MWF,1010-1100,,18,,"Riegert,L,,"
202680,80186,GERM,213Y.00,Intermediate German Language,.50,4,,MWF,1110-1200,,-,,15,,"Gebhardt,P,,"
202680,80187,GERM,321.00,Adv Composition & Conversation,.50,4,,MWF,0910-1000,,-,,12,,"Gebhardt,P,,"
202680,80188,GERM,363.00,From Nietzsche to Kafka,.50,4,,WF,1410-1530,,-,,12,,"Gebhardt,P,,"
202680,80593,GREK,101Y.00,Elementary Ancient Greek,.50,4,,MWF,1310-1400,,-,,22,,"Myers,M,,"
202680,80586,GREK,201.00,Intermediate Greek: Prose,.50,4,,MWF,1210-1300,,-,,10,,"Barich,M,,"
202680,80587,GREK,301.00,Advanced Greek,.50,4,,MWF,1310-1400,,-,,10,,"Hahnemann,C,,"
202680,80485,GSS,111.00,Intro to Gender & SexualitySt,.50,4,,TR,1310-1430,,-,,20,,"López,I,,"
202680,80486,GSS,330.00,Feminist Theory,.50,4,,WF,0840-1000,,-,,20,,"O'Neill,R,,"
202680,80060,GSS,497.00,Senior Honors,.50,4,,,-,,-,GP,5,,"O'Neill,R,,"
202680,80040,HIST,100.02,History First-Year Seminar,.50,4,,T,1900-2200,,-,,20,,"Singer,W,,"
202680,80038,HIST,120.00,Early Latin America,.50,4,,MWF,1410-1500,,-,,20,,"Franco,R,,"
202680,80022,HIST,126.00,Early Middle Ages 300-1100,.50,4,,WF,0840-1000,,-,,20,,"Novikoff,A,,"
202680,80030,HIST,131.00,Early Modern Europe,.50,4,,TR,1310-1430,,-,,20,,"Rivest,J,,"
202680,80024,HIST,145.00,Early Africa,.50,4,,MWF,0910-1000,,-,,25,,"Volz,S,,"
202680,80027,HIST,161.00,Early East Asia,.50,4,,MWF,1110-1200,,-,,20,,"Li,L,,"
202680,80023,HIST,180.00,Hist of the N Amer Wilderness,.50,4,,MWF,1010-1100,,-,,20,,"Bottiger,P,,"
202680,80049,HIST,210.00,War for Black Freedom,.50,4,,TR,0940-1100,,-,,12,,"McNair,G,,"
202680,80028,HIST,218.00,History of Mexico,.50,4,,MWF,1210-1300,,-,,25,,"Franco,R,,"
202680,80026,HIST,226.00,The British Empire,.50,4,,MWF,1010-1100,,-,,25,,"Buxton,H,,"
202680,80025,HIST,228.00,Empires & Nations in E Europe,.50,4,,TR,0940-1100,,-,,25,,"Ablovatski,E,,"
202680,80029,HIST,258.00,Ottoman Empire,.50,4,,TR,1310-1430,,-,,25,,"Kilic-Schubel,N,,"
202680,80045,HIST,291.01,ST: Pending CPC Approval,.50,4,,WF,1410-1530,,-,,20,,"Li,L,,"
202680,80046,HIST,291.02,ST: Pending CPC Approval,.50,4,,TR,1440-1600,,-,,25,,"Coulibaly,S,,"
202680,80041,HIST,318.00,The North American Wests,.50,4,,W,1900-2200,,-,,12,,"Bottiger,P,,"
202680,80039,HIST,328.00,"Crusades:Relgn,Violnce,Med Eur",.50,4,,M,1900-2200,,-,,12,,"Novikoff,A,,"
202680,80043,HIST,329.00,"Alchemy, Astrology & Magic",.50,4,,W,1900-2200,,-,,12,,"Rivest,J,,"
202680,80031,HIST,342.00,History of Public Health,.50,4,,M,1310-1600,,-,,12,,"Buxton,H,,"
202680,80034,HIST,380.00,Black Hist thru Fiction & Film,.50,4,,M,1310-1600,,-,,12,,"McNair,G,,"
202680,80035,HIST,387.00,Practice and Theory of History,.50,4,,W,1310-1600,,-,,12,,"Coulibaly,S,,"
202680,80036,HIST,444.00,Faith and Power in Africa,.50,4,,R,1310-1600,,-,,12,,"Volz,S,,"
202680,80032,HIST,490.01,Senior Seminar,.50,4,,T,1310-1600,,-,,8,,"Buxton,H,,"
202680,80042,HIST,490.02,Senior Seminar,.50,4,,M,1900-2200,,-,,8,,"Kilic-Schubel,N,,"
202680,80044,HIST,491.00,ST: Pending CPC Approval,.50,4,,R,1900-2200,,-,,12,,"Gourrier,F,,"
202680,80061,HIST,497Y.00,Senior Honors Seminar,.50,4,,,-,,-,GP,5,,"Coulibaly,S,,"
202680,80659,INDS,191.00,ST: Comm Healthcare Sem TtoP,.25,2,,M,1410-1530,,-,PI,20,,"Ferenbaugh,A,Teall,A"
202680,80048,INDS,209.00,Sci & Nature Fiction Writing,.50,4,,WF,1410-1530,,-,,15,,"Slonczewski,J,,"
202680,80047,INDS,231.00,The Holocaust,.50,4,,TR,1310-1430,,-,,15,,"Ablovatski,E,Riegert,L"
202680,80487,INST,201.00,Expansion of Intern'l Society,.50,4,,TR,0940-1100,,-,,20,,"Singer,W,,"
202680,80488,INST,401.01,Sr Sem International Studies,.50,4,,R,1900-2200,,-,,12,,"Rowe,D,,"
202680,80489,INST,401.02,Sr Sem International Studies,.50,4,,W,1900-2200,,-,,12,,"Villegas,C,,"
202680,80062,INST,497Y.00,Senior Honors,.50,4,,,-,,-,GP,5,,"McAllister,J,,"
202680,80650,IPHS,111Y.00,Odyssey:Wisdom & Understanding,.50,4,,MWF,1210-1300,,-,,30,,"Novikoff,A,Leibowitz,L"
202680,80651,IPHS,200.01,Programming Humanity,.50,4,,TR,0940-1100,,-,,15,,"Elkins,K,,"
202680,80652,IPHS,200.02,Programming Humanity,.50,4,,TR,1310-1430,,-,,15,,"Elkins,K,,"
202680,80653,IPHS,400.00,Frontiers in Generative AI,.50,4,,TR,1440-1600,,-,,12,,"Chun,J,,"
202680,80654,IPHS,484.00,Senior Research Seminar,.50,4,,,-,,-,,10,,"Elkins,K,,"
202680,80050,ITAL,111Y.00,Intensive Intro Italian,.75,6,,MWF,1410-1500,T,-,,20,,"Dubrovic,S,,"
202680,80051,ITAL,213Y.00,Language and Culture,.50,4,,MWF,1010-1100,,-,,18,,"Dubrovic,S,,"
202680,80052,ITAL,321.00,Advanced Italian,.50,4,,MWF,1110-1200,,-,,15,,"Dubrovic,S,,"
202680,80582,LATN,101Y.01,Elementary Latin,.50,4,,MWF,0910-1000,,-,,22,,"Barich,M,,"
202680,80583,LATN,101Y.02,Elementary Latin,.50,4,,MWF,1110-1200,,-,,22,,"Myers,M,,"
202680,80584,LATN,201.00,Intermediate Latin,.50,4,,MWF,1110-1200,,-,,12,,"Izzo,J,,"
202680,80585,LATN,301.00,Advanced Latin: Roman Women,.50,4,,TR,1440-1600,,-,,12,,"Serfass,A,,"
202680,80625,MATH,111.01,Calculus I,.50,4,,MWF,1010-1100,,-,,25,,"Milnikel,B,,"
202680,80626,MATH,111.02,Calculus I,.50,4,,MWF,1110-1200,,-,,25,,"Milnikel,B,,"
202680,80627,MATH,111.03,Calculus I,.50,4,,MWF,1210-1300,,-,,25,,"Milnikel,B,,"
202680,80628,MATH,112.00,Calculus II,.50,4,,MWF,1110-1200,,-,,25,,"Snipes,M,,"
202680,80629,MATH,128.00,Hist of Math in Islamic World,.50,4,,MWF,0910-1000,,-,,16,,"Aydin,N,,"
202680,80630,MATH,212.00,Sequences and Series,.25,2,,MWF,0810-0900,,-,,25,,"Aydin,N,,"
202680,80631,MATH,213.01,Multivariable Calculus,.50,4,,MWF,1310-1400,,-,,25,,Dr. Staff
202680,80632,MATH,213.02,Multivariable Calculus,.50,4,,MWF,1410-1500,,-,,25,,Dr. Staff
202680,80633,MATH,222.00,Foundations,.50,4,,MWF,1110-1200,,-,,16,,"Aydin,N,,"
202680,80634,MATH,224.00,Linear Algebra,.50,4,,MWF,1310-1400,,-,,25,,"Edwards,D,,"
202680,80635,MATH,230.00,Euclidean & Non-Euclidean Geom,.50,4,,MWF,0910-1000,,-,,16,,"Schumacher,C,,"
202680,80636,MATH,327.00,Number Theory Seminar,.50,4,,TR,0940-1100,,-,,16,,"Holdener,J,,"
202680,80637,MATH,333.00,Ordinary Differential Equation,.50,4,,MWF,1410-1500,,-,,25,,"Edwards,D,,"
202680,80638,MATH,336.00,Probability,.50,4,,MWF,1110-1200,,-,,20,,"Hartlaub,B,,"
202680,80639,MATH,341.00,Real Analysis I,.50,4,,MWF,1010-1100,,-,,16,,"Schumacher,C,,"
202680,80640,MATH,347.00,Mathematical Models,.50,4,,MWF,1010-1100,,-,,16,,"Gee,M,,"
202680,80641,MATH,480.01,Sr Seminar in Mathematics,.25,2,,MWF,1510-1600,,-,,36,,"Holdener,J,,"
202680,80642,MATH,480.02,Sr Seminar in Mathematics,.25,2,,MWF,1510-1600,,-,PI,12,,"Gee,M,,"
202680,80643,MATH,480.03,Sr Seminar in Mathematics,.25,2,,MWF,1510-1600,,-,PI,12,,"Leatherman,E,,"
202680,80021,MLL,100.00,2nd Lang Acquisition & Teach,.25,2,,T,0940-1100,,-,,18,,"Malone,M,,"
202680,80618,MUSC,101.00,Basic Musicianship,.50,4,,MWF,1010-1100,,-,,27,,"Locke,B,,"
202680,80617,MUSC,102.00,Musical Style,.50,4,,TR,0940-1100,,-,,23,,"Heuchemer,D,,"
202680,80619,MUSC,121Y.00,Music Theory,.50,4,,W,0810-0900,MWF,0910-1000,,27,,"Buehrer,T,,"
202680,80620,MUSC,124.00,Intro to Computer Music,.50,4,,MWF,1110-1200,,-,,25,,"Feller,R,,"
202680,80621,MUSC,204.00,Musc Hist: 19th Century,.50,4,,TR,1440-1600,,-,,12,,"Sanders,R,,"
202680,80377,MUSC,206D.00,Seminar in Ethnomusicology,.50,4,,TR,1310-1430,,-,,8,,"Mendonca,M,,"
202680,80622,MUSC,207.00,Music & African American Exp,.50,4,,W,1900-2200,,-,,12,,"Sanders,R,,"
202680,80623,MUSC,224.00,Songwriting,.50,4,,MWF,1310-1400,,-,,20,,"Feller,R,,"
202680,80655,MUSC,302D.00,History of Jazz,.50,4,,M,1900-2200,,-,,8,,"Heuchemer,D,,"
202680,80292,MUSC,471.00,Kenyon Community Choir,.25,2,,W,1930-2145,,-,PI,50,,"Locke,B,,"
202680,80295,MUSC,472.00,Knox County Symphony,.25,2,,M,1930-2130,,-,PI,30,,"Locke,B,,"
202680,80294,MUSC,473.00,Kenyon College Chamber Singers,.25,2,,TR,1200-1300,MWF,1210-1300,PI,55,,"Locke,B,,"
202680,80219,MUSC,475.00,Flute Choir,.25,2,,,-,,-,PI,10,,"Packard,J,,"
202680,80098,MUSC,477.00,String Chamber Ensemble,.13,2,,,-,,-,PI,10,,"Biava,L,,"
202680,80123,MUSC,478.00,Guitar Ensemble,.13,2,,,-,,-,PI,10,,"Downs,K,,"
202680,80163,MUSC,479.01,Symphonic Wind Ensemble,.13,2,,T,1200-1300,R,1900-2100,PI,45,,"Heuchemer,D,,"
202680,80293,MUSC,480.00,Instrumental Jazz Ensemble,.13,2,,R,1210-1300,T,1900-2100,PI,30,,"Buehrer,T,,"
202680,80184,MUSC,482.01,Percussion Ensemble,.13,2,,,-,,-,PI,10,,"Lindroth,J,,"
202680,80205,MUSC,483.00,Opera & Music Theater Wrkshp,.13,2,,MR,1615-1745,,-,PI,25,,"Marcellana,J,,"
202680,80214,MUSC,485.00,Asian Music Ensemble,.25,2,,R,1210-1300,T,1900-2100,PI,12,,"Mendonca,M,,"
202680,80283,MUSC,486.00,Harp Ensemble,.13,2,,,-,,-,PI,10,,"Thompson,J,,"
202680,80136,MUSC,487.00,Saxophone Ensemble,.13,2,,,-,,-,PI,10,,"Dunne,L,,"
202680,80093,MUSC,488.00,Brass Ensemble,.13,2,,,-,,-,PI,10,,"Bell,S,,"
202680,80250,MUSC,489.00,Bluegrass Ensemble,.13,2,,,-,,-,PI,12,,"Powers,C,,"
202680,80063,MUSC,497Y.00,Senior Honors,.50,4,,,-,,-,GP,5,,"Mendonca,M,,"
202680,80146,NEUR,212.00,Neuroscience,.50,4,,MWF,0910-1000,,-,,20,,"Rudolph,L,,"
202680,80148,NEUR,250.00,Research Design & Analysis,.50,4,,WF,1410-1530,,-,,16,,"White,A,,"
202680,80151,NEUR,307.00,Sensory Processes,.50,4,,TR,0940-1100,,-,,20,,"Rudolph,L,,"
202680,80153,NEUR,385.00,Research in Neuroscience,.25,2,,MWF,1210-1300,,-,PI,12,,"Rudolph,L,,"
202680,80155,NEUR,471.01,Current Topics in Neuroscience,.50,4,,M,1310-1600,,-,,8,,"McFarlane,H,,"
202680,80157,NEUR,471.02,Current Topics in Neuroscience,.50,4,,TR,0810-0930,,-,,8,,"Petersen,S,,"
202680,80064,NEUR,497Y.00,Senior Honors,.50,4,,,-,,-,GP,5,,"Petersen,S,,"
202680,80001,PHIL,100.00,Introduction to Philosophy,.50,4,,TR,0940-1100,,-,,25,,"Bradner,A,,"
202680,80006,PHIL,200.00,Ancient Philosophy,.50,4,,MWF,0910-1000,,-,,25,,"Lottenbach,H,,"
202680,80004,PHIL,201.00,Symbolic Logic,.50,4,,MWF,1010-1100,,-,,25,,"Richeimer,J,,"
202680,80595,PHIL,205.00,Faith & Reason Medieval Phil,.50,4,,MWF,1110-1200,,-,,25,,"Waller,R,,"
202680,80594,PHIL,209.00,Feminist Philosophy,.50,4,,WF,1410-1530,,-,,25,,"Waller,R,,"
202680,80007,PHIL,214.00,German Idealism,.50,4,,MWF,1210-1300,,-,,25,,"Lottenbach,H,,"
202680,80010,PHIL,225.00,Existentialism,.50,4,,TR,1440-1600,,-,,20,,"DePascuale,J,,"
202680,80005,PHIL,340.00,Sartre & Merleau-Ponty,.50,4,,MWF,1310-1400,,-,,20,,"Richeimer,J,,"
202680,80003,PHIL,405.00,Epistemology Seminar,.50,4,,T,1900-2200,,-,,10,,"Richeimer,J,,"
202680,80008,PHIL,450.00,Senior Philosophy Workshop,.50,4,,R,1900-2200,,-,,20,,"Bradner,A,,"
202680,80011,PHIL,497.00,Senior Honors,.25,2,,,-,,-,GP,5,,"DePascuale,J,,"
202680,80345,PHYS,103.00,Creating with Gadgets,.25,2,,R,1310-1600,,-,,16,,"Giblin,T,,"
202680,80346,PHYS,107.00,Astronomy: Stars & Galaxies,.50,4,,MWF,1410-1500,,-,,48,,"Turner,P,Schumacher,B"
202680,80411,PHYS,130.00,General Physics I,.50,4,,MWF,1110-1200,,-,,48,,"Peiris,F,,"
202680,80412,PHYS,131.01,Intro to Exp. Physics I,.25,2,,M,1310-1600,,-,,12,,"Giblin,T,,"
202680,80413,PHYS,131.02,Intro to Exp. Physics I,.25,2,,T,1310-1600,,-,,12,,"Schumacher,B,,"
202680,80414,PHYS,131.03,Intro to Exp. Physics I,.25,2,,W,1310-1600,,-,,12,,"Reinhard,A,,"
202680,80415,PHYS,140.00,Classical Physics,.50,4,,MWF,1010-1100,,-,PI,48,,"Reinhard,A,,"
202680,80416,PHYS,141.01,First-Year Seminar in Physics,.25,2,,W,1900-2200,,-,PI,14,,"Peiris,F,,"
202680,80417,PHYS,141.02,First-Year Seminar in Physics,.25,2,,R,1310-1600,,-,PI,14,,"Peiris,F,,"
202680,80418,PHYS,240.00,Fields and Spacetime,.50,4,,MWF,1010-1100,,-,,24,,"Wade,L,,"
202680,80419,PHYS,241.01,Fields & Spacetime Lab,.25,2,,W,1900-2200,,-,,10,,"Sullivan,T,,"
202680,80420,PHYS,241.02,Fields & Spacetime Lab,.25,2,,R,1310-1600,,-,,10,,"Loveland,G,,"
202680,80421,PHYS,310.00,Research in Physics,.25,2,,,-,,-,PI,20,,"Turner,P,,"
202680,80422,PHYS,311.00,Research in Physics,.50,4,,,-,,-,PI,10,,"Turner,P,,"
202680,80423,PHYS,340.00,Classical Mechanics,.50,4,,MWF,0910-1000,,-,,16,,"Wade,L,,"
202680,80424,PHYS,360.01,Quantum Mechanics,.50,4,,MWF,1110-1200,,-,,10,,"Wade,M,,"
202680,80425,PHYS,360.02,Quantum Mechanics,.50,4,,MWF,1310-1400,,-,,10,,"Wade,M,,"
202680,80426,PHYS,380.00,Electronics I,.25,2,,R,1310-1600,,-,,19,,"Turner,P,Sullivan,T"
202680,80427,PHYS,381.00,Electronics II,.25,2,,T,1310-1600,,-,,19,,"Turner,P,Sullivan,T"
202680,80065,PHYS,497Y.00,Senior Honors,.50,4,,,-,,-,GP,5,,"Reinhard,A,,"
202680,80392,PSCI,101Y.01,The Quest for Justice,.50,4,,MWF,1410-1500,,-,,20,,"Leibowitz,L,,"
202680,80393,PSCI,101Y.02,The Quest for Justice,.50,4,,MWF,1510-1600,,-,,20,,"Leibowitz,D,,"
202680,80394,PSCI,101Y.03,The Quest for Justice,.50,4,,TR,0940-1100,,-,,20,,"Baumann,F,,"
202680,80395,PSCI,101Y.04,The Quest for Justice,.50,4,,TR,1440-1600,,-,,20,,"Baumann,F,,"
202680,80396,PSCI,101Y.05,The Quest for Justice,.50,4,,TR,1310-1430,,-,,20,,"Spiekerman,T,,"
202680,80397,PSCI,200.00,Liberal Democracy in America,.50,4,,MWF,1010-1100,,-,,30,,"McGee,Z,,"
202680,80398,PSCI,220.01,Classical Quest for Justice,.50,4,,MWF,1210-1300,,-,,30,,"Leibowitz,D,,"
202680,80399,PSCI,220.02,Classical Quest for Justice,.50,4,,MWF,1310-1400,,-,,30,,"Leibowitz,D,,"
202680,80402,PSCI,240.00,Modern Democracy,.50,4,,WF,0840-1000,,-,,25,,"Camerra-Rowe,P,,"
202680,80400,PSCI,260.01,International Relations,.50,4,,TR,0940-1100,,-,,25,,"Rowe,D,,"
202680,80401,PSCI,260.02,International Relations,.50,4,,TR,1310-1430,,-,,25,,"McAllister,J,,"
202680,80403,PSCI,303.00,Campaigns and Elections,.50,4,,WF,1410-1530,,-,,20,,"McGee,Z,,"
202680,80404,PSCI,310.00,Public Policy,.50,4,,MWF,1110-1200,,-,,25,,"McGee,Z,,"
202680,80576,PSCI,345.00,European Union Politics,.50,4,,WF,1410-1530,,-,,20,,"Camerra-Rowe,P,,"
202680,80408,PSCI,432.00,The Idea of Community,.50,4,,W,1900-2200,,-,,15,,"Spiekerman,T,,"
202680,80405,PSCI,441.00,Latin Am Politics Film & Fic,.50,4,,T,1900-2200,,-,,15,,"Powers,N,,"
202680,80409,PSCI,470.00,"Power, States and Markets",.50,4,,T,1900-2200,,-,,15,,"Rowe,D,,"
202680,80410,PSCI,476.00,Rules for the World,.50,4,,TR,0940-1100,,-,,15,,"McAllister,J,,"
202680,80406,PSCI,495.00,Issues in Policy & Politics,.50,4,,TR,1310-1430,,-,,15,,"Powers,N,,"
202680,80066,PSCI,497Y.00,Senior Honors,.50,4,,,-,,-,GP,5,,Dr. Staff
202680,80347,PSYC,100.01,Introduction to Psychology,.50,4,,MWF,1210-1300,,-,,35,,"Stevenson,M,,"
202680,80348,PSYC,100.02,Introduction to Psychology,.50,4,,TR,1310-1430,,-,,35,,"Engell,A,,"
202680,80349,PSYC,100.03,Introduction to Psychology,.50,4,,TR,1440-1600,,-,,35,,"Engell,A,,"
202680,80350,PSYC,200.01,Stat Analysis in Psychology,.50,4,,TR,0940-1100,,-,,15,,"Murnen,S,,"
202680,80351,PSYC,200.02,Stat Analysis in Psychology,.50,4,,TR,1310-1430,,-,,15,,"Krieg,D,,"
202680,80577,PSYC,206.00,Psychology of Language,.50,4,,MWF,1310-1400,,-,,20,,"Payne,T,,"
202680,80353,PSYC,208.00,Drugs and Behavior,.50,4,,TR,1310-1430,,-,,20,,"Millin-Lipnos,P,,"
202680,80354,PSYC,210.00,"Social Mind, Social Brain",.50,4,,TR,0810-0930,,-,,20,,"Engell,A,,"
202680,80355,PSYC,221.00,Adult Psychopath & Soc Suffrng,.50,4,,TR,0810-0930,,-,,20,,"López,I,,"
202680,80356,PSYC,223.00,Child Development,.50,4,,MWF,0910-1000,,-,,20,,"Jones,C,,"
202680,80357,PSYC,224.00,Educational Psychology,.50,4,,TR,0940-1100,,-,,20,,"Krieg,D,,"
202680,80359,PSYC,225.00,Social Psychology,.50,4,,WF,1410-1530,,-,,20,,"Stevenson,M,,"
202680,80578,PSYC,231.00,Positive Psychology,.50,4,,MWF,1110-1200,,-,,20,,"Dickens,L,,"
202680,80361,PSYC,250.01,Research Methods in Psychology,.50,4,,MWF,1010-1100,,-,,15,,"Stevenson,M,,"
202680,80362,PSYC,250.02,Research Methods in Psychology,.50,4,,MWF,1210-1300,,-,,15,,"Ewell,P,,"
202680,80363,PSYC,333.00,Media Psychology,.50,4,,MWF,1410-1500,,-,,15,,"Ewell,P,,"
202680,80364,PSYC,350.00,Psychology in Context,.50,4,,M,1310-1600,,-,PI,8,,"Krieg,D,,"
202680,80365,PSYC,360.00,Multicultural Identities,.50,4,,WF,1410-1530,,-,,15,,"Jones,C,,"
202680,80366,PSYC,450.00,Adv Research Psychology Lab,.25,4,,,-,,-,PI,0,,"Payne,T,,"
202680,80367,PSYC,475.01,Psychology Senior Seminar,.50,4,,M,1310-1600,,-,PI,10,,"López,I,,"
202680,80368,PSYC,475.02,Psychology Senior Seminar,.50,4,,M,1310-1600,,-,PI,10,,"Dickens,L,,"
202680,80369,PSYC,475.03,Psychology Senior Seminar,.50,4,,TR,1440-1600,,-,PI,10,,"Murnen,S,,"
202680,80370,PSYC,475.04,Psychology Senior Seminar,.50,4,,TR,1440-1600,,-,PI,10,,"Millin-Lipnos,P,,"
202680,80067,PSYC,497Y.00,Senior Honors,.50,4,,,-,,-,GP,7,,"Payne,T,,"
202680,80304,RLST,102.00,1st Yr Sem: Encounter Religion,.50,4,,W,1900-2200,,-,,12,,"Schubel,V,,"
202680,80298,RLST,103.00,"Religion, Gender, & Sexuality",.50,4,,WF,1410-1530,,-,,20,,"Dalton,K,,"
202680,80302,RLST,120.00,Faith of Christians,.50,4,,TR,1310-1430,,-,,20,,"Maldonado Rivera,D,,"
202680,80303,RLST,140.00,Intro to Islamic Tradition,.50,4,,TR,1440-1600,,-,,20,,"Schubel,V,,"
202680,80296,RLST,160.00,Buddhist Thought and Practice,.50,4,,TR,0940-1100,,-,,20,,"Brennan,J,,"
202680,80299,RLST,165.00,Jew-ish in a Modern World,.50,4,,MWF,1010-1100,,-,,20,,"Dalton,K,,"
202680,80300,RLST,345.00,Religion for Robots,.50,4,,M,1310-1600,,-,,12,,"Dalton,K,,"
202680,80573,RLST,391.00,"ST: Atten,Meditation,Mysticism",.50,4,,TR,1440-1600,,-,,15,,"Brennan,J,,"
202680,80301,RLST,490.00,Senior Seminar,.50,4,,TR,0810-0930,,-,,10,,"Maldonado Rivera,D,,"
202680,80500,RUSS,111Y.00,Intensive Intro Russian,.75,6,,MTWRF,1210-1300,,-,,15,,"McGavran,J,,"
202680,80502,RUSS,213Y.00,Intermediate Russian,.50,4,,MWF,1410-1500,,-,,8,,"Aydinyan,A,,"
202680,80504,RUSS,325.00,Russian Poetry & Poetics,.50,4,,TR,1440-1600,,-,,8,,"McGavran,J,,"
202680,80382,SOCY,102.00,Social Dreamers,.50,4,,MWF,1010-1100,,-,,12,,"McCarthy,G,,"
202680,80383,SOCY,103.00,Society and Culture,.50,4,,MWF,1110-1200,,-,,20,,"Cottingham,M,,"
202680,80384,SOCY,106.00,Soc Issues/Cultrl Intersection,.50,4,,MWF,1410-1500,,-,,20,,"Kohlman,M,,"
202680,80385,SOCY,108.00,Public Life,.50,4,,TR,1310-1430,,-,,20,,"Villegas,C,,"
202680,80386,SOCY,232.00,Sexual Harassment,.50,4,,MWF,1110-1200,,-,,20,,"Kohlman,M,,"
202680,80387,SOCY,234.00,Sociology of Rural America,.50,4,,MWF,1010-1100,,-,,20,,"Theis,N,,"
202680,80388,SOCY,238.00,Environmental Sociology,.50,4,,TR,0940-1100,,-,,20,,"Theis,N,,"
202680,80389,SOCY,271.00,Methods of Social Research,.50,4,,TR,1310-1430,,-,,20,,"Theis,N,,"
202680,80390,SOCY,361.00,Classical Social Theory,.50,4,,M,1900-2200,,-,,10,,"McCarthy,G,,"
202680,80391,SOCY,490.00,Senior Seminar in Sociology,.50,4,,WF,0840-1000,,-,,20,,"Cottingham,M,,"
202680,80068,SOCY,497.00,Senior Honors,.50,4,,,-,,-,GP,5,,"Cottingham,M,,"
202680,80571,SPAN,391.01,ST: Fighting Fascism in Spain,.50,4,,,-,,-,,18,,"del Río Arrillaga,D,,"
202680,80574,SPAN,391.02,ST: Env Catastroph L Amer Lit,.50,4,,,-,,-,,18,,"Couso Diaz,S,,"
202680,80644,STAT,106.01,Elements of Statistics,.50,4,,MWF,0910-1000,,-,,25,,"Leatherman,E,,"
202680,80645,STAT,106.02,Elements of Statistics,.50,4,,MWF,1010-1100,,-,,25,,"Snipes,M,,"
202680,80646,STAT,106.03,Elements of Statistics,.50,4,,MWF,1310-1400,,-,,25,,"Jones,B,,"
202680,80648,STAT,206.00,Data Analysis,.50,4,,MWF,1210-1300,,-,,25,,"Hartlaub,B,,"
202680,80649,STAT,226.00,Stat Computing with R,.50,4,,MWF,0910-1000,,-,,25,,"Jones,B,,"
